id,swedish_proverb,literal_meaning,arabic_equivalent,verb,verb_translation,verb_infinitive,verb_present,verb_past,verb_supine
1,"Bättre en fågel i handen än tio i skogen","عصفور في اليد خير من عشرة في الغابة","عصفور في اليد خير من عشرة على الشجرة","Ha","يملك","Ha","Har","Hade","Haft"
2,"Den som väntar på något gott väntar aldrig för länge","من ينتظر شيئاً جيداً لا ينتظر طويلاً أبداً","كل تأخيرة فيها خيرة / الصبر مفتاح الفرج","Vänta","ينتظر","Vänta","Väntar","Väntade","Väntat"
3,"Man ska inte sälja skinnet förrän björnen är skjuten","لا تبع الفرو قبل أن يُقتل الدب","لا تقول فول حتى يصير بالمكيال","Sälja","يبيع","Sälja","Säljer","Sålde","Sålt"
4,"Det finns inget dåligt väder, bara dåliga kläder","لا يوجد طقس سيء، توجد فقط ملابس سيئة","الشاطرة تغزل برجل حمار","Finnas","يوجد","Finnas","Finns","Fanns","Funnits"
5,"Tala är silver, tiga är guld","الكلام من فضة، والسكوت من ذهب","إذا كان الكلام من فضة فالسكوت من ذهب","Tiga","يصمت","Tiga","Tiger","Teg","Tigit"
6,"Små grytor har också öron","القدور الصغيرة لها آذان أيضاً","الحيطان لها آذان","Ha","يملك","Ha","Har","Hade","Haft"
7,"När katten är borta dansar råttorna på bordet","عندما يغيب القط ترقص الفئران على الطاولة","غاب القط العب يا فار","Dansa","يرقص","Dansa","Dansar","Dansade","Dansat"
8,"Bränt barn skyr elden","الطفل المحروق يتجنب النار","اللي يتلسع من الشوربة ينفخ في الزبادي","Sky","يتجنب","Sky","Skyr","Skydde","Skytt"
9,"Som man bäddar får man ligga","كما ترتب سريرك ستستلقي عليه","الجزاء من جنس العمل / طباخ السم بيدوقه","Bädda","يرتب السرير","Bädda","Bäddar","Bäddade","Bäddat"
10,"Alla vägar bär till Rom","كل الطرق تؤدي إلى روما","كل الدروب تودي ع الطاحون","Bära","يحمل / يؤدي","Bära","Bär","Bar","Burit"
11,"En svala gör ingen sommar","سنونوة واحدة لا تصنع الصيف","زهرة واحدة لا تصنع الربيع","Göra","يفعل","Göra","Gör","Gjorde","Gjort"
12,"Äpplet faller inte långt från trädet","التفاحة لا تسقط بعيداً عن الشجرة","ابن البط عوام / من شابه أباه فما ظلم","Falla","يسقط","Falla","Faller","Föll","Fallit"
13,"Många bäckar små gör en stor å","الكثير من الجداول الصغيرة تصنع نهراً كبيراً","الحصاة تسند الخابية / قطرة قطرة بتعمل غدير","Göra","يصنع","Göra","Gör","Gjorde","Gjort"
14,"Nöden har ingen lag","الضرورة ليس لها قانون","للضرورة أحكام / الضرورات تبيح المحظورات","Ha","يملك","Ha","Har","Hade","Haft"
15,"Rom byggdes inte på en dag","روما لم تُبنَ في يوم واحد","الصبر جميل / طول بالك","Bygga","يبني","Bygga","Bygger","Byggde","Byggt"
16,"Lika barn leka bäst","الأطفال المتشابهون يلعبون بشكل أفضل","الطيور على أشكالها تقع","Leka","يلعب","Leka","Leker","Lekte","Lekt"
17,"Kärt barn har många namn","الطفل المحبوب له أسماء كثيرة","الشيء المحبوب له ألقاب كثيرة","Ha","يملك","Ha","Har","Hade","Haft"
18,"Dra alla över en kam","سحب الجميع فوق مشط واحد (التعميم)","يساوي بين الصالح والطالح","Dra","يسحب","Dra","Drar","Drog","Dragit"
19,"Kasta inte sten i glashus","لا ترمِ الحجارة في بيت من زجاج","اللي بيته من زجاج ما يرميش الناس بالطوب","Kasta","يرمي","Kasta","Kastar","Kastade","Kastat"
20,"Det var droppen som fick bägaren att rinna över","كانت تلك القطرة التي جعلت الكأس تفيض","القشة التي قصمت ظهر البعير","Rinna","يسيل","Rinna","Rinner","Rann","Runnit"
21,"Gräset är alltid grönare på andra sidan","العشب دائماً أكثر اخضراراً على الجانب الآخر","مزمار الحي لا يطرب / عينك على ما في يد غيرك","Vara","يكون","Vara","Är","Var","Varit"
22,"Man ska inte ropa hej förrän man är över bäcken","لا تصرخ 'هاي' فرحاً قبل أن تعبر الجدول","لا تقول فول حتى يصير بالمكيال","Ropa","ينادي","Ropa","Ropar","Ropade","Ropat"
23,"Skrattar bäst som skrattar sist","يضحك أفضل من يضحك أخيراً","من يضحك أخيراً يضحك كثيراً","Skratta","يضحك","Skratta","Skrattar","Skrattade","Skrattat"
24,"Bättre sent än aldrig","أن تأتي متأخراً خير من ألا تأتي أبداً","أن تصل متأخراً خير من ألا تصل","Komma","يأتي","Komma","Kommer","Kom","Kommit"
25,"Den enes död är den andres bröd","موت أحدهم هو خبز للآخر","مصائب قوم عند قوم فوائد","Vara","يكون","Vara","Är","Var","Varit"
26,"Har man tagit fan i båten får man ro honom i land","إذا أخذت الشيطان في القارب عليك أن تجذف به إلى البر","جنت على نفسها براقش","Ro","يجذف","Ro","Ror","Rodde","Rott"
27,"Gammal kärlek rostar aldrig","الحب القديم لا يصدأ أبداً","الحب القديم لا يبلى","Rosta","يصدأ","Rosta","Rostar","Rostade","Rostat"
28,"Det är mänskligt att fela","من الإنسانية أن نخطئ","كل ابن آدم خطاء / جل من لا يسهو","Fela","يخطئ","Fela","Felar","Felade","Felat"
29,"Hungern är den bästa kryddan","الجوع هو أفضل التوابل","الجوع أطيب طباخ","Vara","يكون","Vara","Är","Var","Varit"
30,"I mörkret är alla katter grå","في الظلام كل القطط رمادية","في الظلام تتشابه القطط / يختلط الحابل بالنابل","Vara","يكون","Vara","Är","Var","Varit"
31,"Kläderna gör mannen","الملابس تصنع الرجل","الناس بالمظاهر / اللبس يعطي هيبة","Göra","يجعل","Göra","Gör","Gjorde","Gjort"
32,"Liten tuva stjälper ofta stort lass","كومة عشب صغيرة غالباً ما تقلب حمولة كبيرة","معظم النار من مستصغر الشرر","Stjälpa","يقلب","Stjälpa","Stjälper","Stjälpte","Stjälpt"
33,"Man hör vad man vill höra","المرء يسمع ما يريد سماعه","تسمع ما تحب أن تسمع","Höra","يسمع","Höra","Hör","Hörde","Hört"
34,"Morgonstund har guld i mun","ساعة الصباح تملك ذهباً في فمها","البركة في البكور / يا فتاح يا عليم","Ha","يملك","Ha","Har","Hade","Haft"
35,"Nära skjuter ingen hare","القريب (من الهدف) لا يصيب الأرنب","القرب لا يصيب الهدف","Skjuta","يطلق النار","Skjuta","Skjuter","Sköt","Skjutit"
36,"Om blickar kunde döda","لو كانت النظرات تقتل","لو النظرات تقتل لصرت في عداد الموتى","Döda","يقتل","Döda","Dödar","Dödade","Dödat"
37,"Själv är bästa dräng","المرء نفسه هو أفضل خادم","ما حك جلدك مثل ظفرك","Vara","يكون","Vara","Är","Var","Varit"
38,"Smaken är som baken, delad","الذوق مثل المؤخرة، مقسوم","لولا اختلاف الأذواق لبارت السلع","Vara","يكون","Vara","Är","Var","Varit"
39,"Stillhetens vatten har det djupaste grundet","المياه الساكنة لها أعمق قاع","تحت السواهي دواهي","Ha","يملك","Ha","Har","Hade","Haft"
40,"Tiden läker alla sår","الوقت يشفي كل الجروح","الزمن دواء لكل داء","Läka","يشفي","Läka","Läker","Läkte","Läkt"
41,"Var fågel sjunger efter sin näbb","كل طائر يغني حسب منقاره","كل يغني على ليلاه","Sjunga","يغني","Sjunga","Sjunger","Sjöng","Sjungit"
42,"Ärlighet varar längst","الصدق يدوم أطول","الصدق منجاة / حبل الكذب قصير","Vara","يدوم","Vara","Varar","Varade","Varat"
43,"Övning ger färdighet","التمرين يعطي المهارة","التكرار يعلم الشطار / في الحركة بركة","Ge","يعطي","Ge","Ger","Gav","Gett"
44,"Borta bra men hemma bäst","الغربة جيدة لكن الوطن أفضل","ما في مثل الوطن","Vara","يكون","Vara","Är","Var","Varit"
45,"Det man inte vet mår man inte dåligt av","ما لا تعرفه لا يجعلك تشعر بالسوء","الجهل نعمة","Veta","يعرف","Veta","Vet","Visste","Vetat"
46,"Ju fler kockar desto sämre soppa","كلما كثر الطهاة ساء الحساء","كثرة الطباخين تحرق الطبخة","Vara","يكون","Vara","Är","Var","Varit"
47,"Gå som katten kring het gröt","يمشي مثل القط حول العصيدة الساخنة","يحوم حول الحمى / يلف ويدور","Gå","يمشي","Gå","Går","Gick","Gått"
48,"Ingen rök utan eld","لا دخان بدون نار","لا دخان بلا نار","Finnas","يوجد","Finnas","Finns","Fanns","Funnits"
49,"Lätt fånget, lätt förgånget","تم اصطياده بسهولة، ضاع بسهولة","ما يأتي بسهولة يذهب بسهولة","Fånga","يصطاد","Fånga","Fångar","Fångade","Fångat"
50,"Vägen till mannens hjärta går genom magen","الطريق إلى قلب الرجل يمر عبر معدته","أقرب طريق لقلب الرجل معدته","Gå","يمشي","Gå","Går","Gick","Gått"
51,"Av skadan blir man vis","من الضرر يصبح المرء حكيماً","رب ضارة نافعة / التعلم من الأخطاء","Bli","يصبح","Bli","Blir","Blev","Blivit"
52,"Den som gräver en grop åt andra faller ofta själv däri","من يحفر حفرة للآخرين غالباً ما يسقط فيها بنفسه","من حفر حفرة لأخيه وقع فيها","Falla","يسقط","Falla","Faller","Föll","Fallit"
53,"En olycka kommer sällan ensam","المصيبة نادراً ما تأتي وحيدة","المصائب لا تأتي فرادى","Komma","يأتي","Komma","Kommer","Kom","Kommit"
54,"Bättre brödlös än rådlös","أن تكون بلا خبز خير من أن تكون بلا حيلة","الجوع ولا الحيرة / العقل زينة","Vara","يكون","Vara","Är","Var","Varit"
55,"Det är tanken som räknas","إنها النية التي تُحسب","إنما الأعمال بالنيات","Räkna","يعد","Räkna","Räknar","Räknade","Räknat"
56,"Man ska inte döma hunden efter håren","لا يجب الحكم على الكلب من شعره","لا تحكم على الكتاب من غلافه","Döma","يحكم","Döma","Dömer","Dömde","Dömt"
57,"Tredje gången gillt","المرة الثالثة صالحة/مقبولة","التالتة تابتة","Gälla","يسري","Gälla","Gäller","Gällde","Gällt"
58,"Var sak har sin tid","كل شيء له وقته","لكل وقت أذان / كل شيء بوقته حلو","Ha","يملك","Ha","Har","Hade","Haft"
59,"Som man ropar i skogen får man svar","كما تصرخ في الغابة تتلقى الجواب","كما تدين تدان","Ropa","ينادي","Ropa","Ropar","Ropade","Ropat"
60,"Även en blind höna kan hitta ett korn","حتى الدجاجة العمياء قد تجد حبة قمح","رمية من غير رامي","Hitta","يجد","Hitta","Hittar","Hittade","Hittat"
61,"Sova på saken","النوم على الأمر (التفكير فيه لليلة)","الصباح رباح","Sova","ينام","Sova","Sover","Sov","Sovit"
62,"Köpa grisen i säcken","شراء الخنزير داخل الكيس","يشتري سمك في ماء (يشتري المجهول)","Köpa","يشتري","Köpa","Köper","Köpte","Köpt"
63,"Lova guld och gröna skogar","يعد بالذهب والغابات الخضراء","يعده بالمن والسلوى / يبيعه الوهم","Lova","يعد","Lova","Lovar","Lovade","Lovat"
64,"Ha många järn i elden","لديه حديد كثير في النار","مشغول بأكثر من عمل / صاحب بالين كذاب","Ha","يملك","Ha","Har","Hade","Haft"
65,"Slå två flugor i en smäll","ضرب ذبابتين بضربة واحدة","ضرب عصفورين بحجر واحد","Slå","يضرب","Slå","Slår","Slog","Slagit"
66,"Ana ugglor i mossen","يشك بوجود بوم في الطحالب","إن في الأمر شيئاً","Ana","يشك","Ana","Anar","Anade","Anat"
67,"Kosta vad det kosta vill","ليكلّف ما يكلّف","مهما كلف الأمر / بأي ثمن","Kosta","يكلف","Kosta","Kostar","Kostade","Kostat"
68,"Man ska sopa framför sin egen dörr","يجب أن يكنس المرء أمام بابه الخاص","من كان بيته من زجاج.. / انشغل بعيوبك","Sopa","يكنس","Sopa","Sopar","Sopade","Sopat"
69,"Gå över ån efter vatten","يعبر النهر بحثاً عن الماء","يفسر الماء بالماء / يبحث عن الشيء وهو بيده","Gå","يمشي","Gå","Går","Gick","Gått"
70,"Här ligger en hund begraven","هنا يوجد كلب مدفون","في الأمر سر / هنا مربط الفرس","Ligga","يستلقي","Ligga","Ligger","Låg","Legat"
71,"Inte skåda given häst i munnen","لا تنظر في فم حصان مهدى إليك","الهدية لا تُعاب","Skåda","يشاهد","Skåda","Skådar","Skådade","Skådat"
72,"Sätta sista spiken i kistan","وضع المسمار الأخير في التابوت","دق المسمار الأخير في نعشه","Sätta","يضع","Sätta","Sätter","Satte","Satt"
73,"Hålla tummarna","إمساك الإبهامين (للحظ)","يدعو له بالتوفيق / يضع يده على قلبه","Hålla","يمسك","Hålla","Håller","Höll","Hållit"
74,"Ta skeden i vacker hand","أخذ الملعقة باليد الجميلة (الخضوع)","الرضوخ للأمر الواقع","Ta","يأخذ","Ta","Tar","Tog","Tagit"
75,"Lägga lök på laxen","وضع البصل على السلمون (زيادة الأمر سوءاً)","زاد الطين بلة","Lägga","يضع","Lägga","Lägger","La","Lagt"
76,"Få kalla fötter","الحصول على أقدام باردة","جبن / تراجع في اللحظة الأخيرة","Få","يحصل","Få","Får","Fick","Fått"
77,"Ha is i magen","لديه ثلج في المعدة","رابط الجأش / دمه بارد","Ha","يملك","Ha","Har","Hade","Haft"
78,"Väcka den björn som sover","إيقاظ الدب النائم","لا توقظ الفتنة / جاب الديب من ديله","Väcka","يوقظ","Väcka","Väcker","Väckte","Väckt"
79,"Kasta pärlor för svin","رمي اللؤلؤ للخنازير","لا تنثر الدر أمام الخنازير","Kasta","يرمي","Kasta","Kastar","Kastade","Kastat"
80,"Sätta bocken till trädgårdsmästare","تعيين التيس بستانياً","حاميها حراميها","Sätta","يضع","Sätta","Sätter","Satte","Satt"
81,"En kedja är inte starkare än sin svagaste länk","السلسلة ليست أقوى من أضعف حلقاتها","قوة الجماعة بضعف أفرادها","Vara","يكون","Vara","Är","Var","Varit"
82,"Blod är tjockare än vatten","الدم أثقل من الماء","الدم ما يصير مي (العائلة أولاً)","Vara","يكون","Vara","Är","Var","Varit"
83,"Storm i ett vattenglas","عاصفة في كوب ماء","زوبعة في فنجان","Vara","يكون","Vara","Är","Var","Varit"
84,"Den som söker han finner","من يبحث يجد","من جد وجد / من طلب العلا سهر الليالي","Söka","يبحث","Söka","Söker","Sökte","Sökt"
85,"Ta tjuren vid hornen","إمساك الثور من قرنيه","مواجهة المشكلة بشجاعة","Ta","يأخذ","Ta","Tar","Tog","Tagit"
86,"Vända kappan efter vinden","قلب المعطف حسب الريح","إمعة / مع الماشي ماشي","Vända","يقلب","Vända","Vänder","Vände","Vänt"
87,"Göra en höna av en fjäder","صنع دجاجة من ريشة","يعمل من الحبة قبة","Göra","يصنع","Göra","Gör","Gjorde","Gjort"
88,"Bättre fly än illa fäkta","الهروب أفضل من القتال السيء","الهرب نصف الشجاعة","Fly","يهرب","Fly","Flyr","Flydde","Flytt"
89,"Det som inte dödar härdar","ما لا يقتل يقوي (يصلّب)","الضربة اللي ما تقتلك تقويك","Härda","يقوي","Härda","Härdar","Härdade","Härdat"
90,"Det vattnas i munnen","الماء يجري في الفم","سال لعابه (اشتهاء الشيء)","Vattnas","يسيل","Vattnas","Vattnas","Vattnades","Vattnats"
91,"Ha rent mjöl i påsen","لديه طحين نظيف في الكيس","نواياه سليمة / صفحته بيضاء","Ha","يملك","Ha","Har","Hade","Haft"
92,"Kasta yxan i sjön","رمي الفأس في البحيرة","يئس من الأمر / استسلم","Kasta","يرمي","Kasta","Kastar","Kastade","Kastat"
93,"Lägga näsan i blöt","وضع الأنف في النقع","يدس أنفه فيما لا يعنيه","Lägga","يضع","Lägga","Lägger","La","Lagt"
94,"Måla fan på väggen","رسم الشيطان على الجدار","توقع الأسوأ / التشاؤم المفرط","Måla","يرسم","Måla","Målar","Målade","Målat"
95,"Inte se skogen för alla träd","عدم رؤية الغابة بسبب كثرة الأشجار","يغرق في التفاصيل ويضيع الصورة الكبيرة","Se","يرى","Se","Ser","Såg","Sett"
96,"Skilja agnarna från vetet","فصل القش عن القمح","تميز الغث من السمين","Skilja","يفصل","Skilja","Skiljer","Skilde","Skilt"
97,"Slå huvudet på spiken","ضرب الرأس على المسمار","أصاب كبد الحقيقة / جابها صح","Slå","يضرب","Slå","Slår","Slog","Slagit"
98,"Stå med båda fötterna på jorden","الوقوف بكلتا القدمين على الأرض","واقعي / متزن / ثابت","Stå","يقف","Stå","Står","Stod","Stått"
99,"Tala ur skägget","التحدث من خارج اللحية","تكلم بوضوح / أفصح عما بداخلك","Tala","يتكلم","Tala","Talar","Talade","Talat"
100,"Trampa i klaveret","الدوس في البيانو/الأكورديون","جاب العيد / ارتكب حماقة محرجة","Trampa","يدوس","Trampa","Trampar","Trampade","Trampat"
101,"Ingen ko på isen","لا توجد بقرة على الجليد","لا داعي للقلق / الأمور بخير","Vara","يكون","Vara","Är","Var","Varit"
102,"Falla mellan stolarna","السقوط بين الكراسي","ضاع في الزحام / سقط سهواً","Falla","يسقط","Falla","Faller","Föll","Fallit"
103,"Sila mygg och svälja kameler","تصفية البعوض وبلع الجمال","يدقق في الصغائر ويتغاضى عن الكبائر","Sila","يصفي","Sila","Silar","Silade","Silat"
104,"Mota Olle i grind","إيقاف (أوله) عند البوابة","وأد الفتنة في مهدها","Mota","يصد","Mota","Motar","Motade","Motat"
105,"Peppar, peppar, ta i trä","فلفل، فلفل، المس الخشب","أمسك الخشب (لدفع الحسد)","Ta","يأخذ","Ta","Tar","Tog","Tagit"
106,"Gå in i väggen","المشي داخل الحائط","الانهيار العصبي / الاحتراق الوظيفي","Gå","يمشي","Gå","Går","Gick","Gått"
107,"Ha tomtar på loftet","لديه أقزام في العلية","ليس بكامل قواه العقلية / مخه لاسع","Ha","يملك","Ha","Har","Hade","Haft"
108,"Kasta in handduken","رمي المنشفة (للداخل)","أعلن الاستسلام","Kasta","يرمي","Kasta","Kastar","Kastade","Kastat"
109,"Vända andra kinden till","إدارة الخد الآخر","التسامح","Vända","يقلب","Vända","Vänder","Vände","Vänt"
110,"Lägga korten på bordet","وضع البطاقات على الطاولة","كشف المستور / اللعب ع المكشوف","Lägga","يضع","Lägga","Lägger","La","Lagt"
111,"Ha en räv bakom örat","لديه ثعلب خلف الأذن","ماكر / داهية / خبيث","Ha","يملك","Ha","Har","Hade","Haft"
112,"Gå över lik","المشي فوق الجثث","الوصول للغاية بأي وسيلة (بلا رحمة)","Gå","يمشي","Gå","Går","Gick","Gått"
113,"Inte för allt smör i Småland","ليس مقابل كل الزبدة في سمولاند","ولا بكنوز الدنيا / مستحيل أعملها","Göra","يفعل","Göra","Gör","Gjorde","Gjort"
114,"Ta bladet från munnen","أخذ الورقة من الفم","تكلم بصراحة مطلقة / بق البحصة","Ta","يأخذ","Ta","Tar","Tog","Tagit"
115,"Dra åt svångremmen","شد حزام البطن","التقشف / شد الحزام","Dra","يسحب","Dra","Drar","Drog","Dragit"
116,"Leva ur hand i mun","العيش من اليد إلى الفم","رزق اليوم باليوم / عايش ع الكفاف","Leva","يعيش","Leva","Lever","Levde","Levt"
117,"Sitta i klistret","الجلوس في الغراء (الصمغ)","وقع في ورطة / غاص في الوحل","Sitta","يجلس","Sitta","Sitter","Satt","Suttit"
118,"Få om bakfoten","الإمساك بالقدم الخلفية","فهم الأمر بشكل خاطئ / فهم بالمقلوب","Få","يحصل","Få","Får","Fick","Fått"
119,"Gå som på räls","يمشي كأنه على قضبان","الأمور تجري بسلاسة / زي السكينة في الحلاوة","Gå","يمشي","Gå","Går","Gick","Gått"
120,"Ha änglavakt","لديه حماية الملائكة","كتب له عمر جديد / نجا بأعجوبة","Ha","يملك","Ha","Har","Hade","Haft"
121,"Kamma noll","تمشيط الصفر","خرج خالي الوفاض / عاد بخفي حنين","Kamma","يمشط","Kamma","Kammar","Kammade","Kammat"
122,"Lägga benen på ryggen","وضع الساقين على الظهر","أطلق ساقيه للريح / هرب مسرعاً","Lägga","يضع","Lägga","Lägger","La","Lagt"
123,"Rinna ut i sanden","التدفق (والضياع) في الرمل","ذهب أدراج الرياح / انتهى إلى لا شيء","Rinna","يسيل","Rinna","Rinner","Rann","Runnit"
124,"Skriva någon på näsan","الكتابة على أنف أحدهم","التنظير على شخص / تلقينه درساً بفظاظة","Skriva","يكتب","Skriva","Skriver","Skrev","Skrivit"
125,"Slå in öppna dörrar","تحطيم أبواب مفتوحة","بذل جهد فيما هو محسوم","Slå","يضرب","Slå","Slår","Slog","Slagit"
126,"Ta sig vatten över huvudet","أخذ ماء فوق الرأس","تورط في ما لا يطيق","Ta","يأخذ","Ta","Tar","Tog","Tagit"
127,"Åka snålskjuts","ركوب توصيلة مجانية (بخيلة)","المتطفل / يعيش عالة على نجاح غيره","Åka","يركب","Åka","Åker","Åkte","Åkt"
128,"Göra en pudel","عمل (حركة) البودل","الاعتذار العلني المذل / التراجع التام","Göra","يفعل","Göra","Gör","Gjorde","Gjort"
129,"Ana argan list","الشك في حيلة غاضبة/خبيثة","الشك في مؤامرة / شم رائحة الخيانة","Ana","يشك","Ana","Anar","Anade","Anat"
130,"Bita i det sura äpplet","قضم التفاحة الحامضة","تجرع الكأس المر / القبول بالأمر الواقع","Bita","يعض","Bita","Biter","Bet","Bitit"
131,"Dansa efter någons pipa","الرقص حسب مزمار شخص ما","خاتم في إصبعه / ينفذ أوامره","Dansa","يرقص","Dansa","Dansar","Dansade","Dansat"
132,"Inte ha alla hästar hemma","ليس لديه كل الخيول في البيت","غبي / عقله ناقص / فيه شي غلط","Ha","يملك","Ha","Har","Hade","Haft"
133,"Kasta pengarna i sjön","رمي النقود في البحيرة","إهدار المال / رمي فلوسه ع الأرض","Kasta","يرمي","Kasta","Kastar","Kastade","Kastat"
134,"Leva loppan","عيش (حياة) البرغوث","يعبث ويمرح / يصرف ببذخ","Leva","يعيش","Leva","Lever","Levde","Levt"
135,"Sticka under stol med","الإخفاء تحت الكرسي","تكتم على الأمر / أخفى الحقيقة","Sticka","يدس","Sticka","Sticker","Stack","Stuckit"
136,"Vända på slantarna","قلب العملات النقدية","التقتير / حساب كل قرش بدقة","Vända","يقلب","Vända","Vänder","Vände","Vänt"
137,"Vara ute och cykla","أن يكون بالخارج يقود دراجة","يهذي بما لا يعرف / ضائع تماماً في الموضوع","Vara","يكون","Vara","Är","Var","Varit"
138,"Få fötter","الحصول على أقدام (للشيء)","اختفى (سُرق) / فص ملح وداب","Få","يحصل","Få","Får","Fick","Fått"
139,"Hålla tand för tunga","إمساك السن (عض) اللسان","حفظ السر / كتمان الكلام","Hålla","يمسك","Hålla","Håller","Höll","Hållit"
140,"Komma i grevens tid","القدوم في وقت الكونت","جاء في الوقت المناسب تماماً","Komma","يأتي","Komma","Kommer","Kom","Kommit"
141,"Koka soppa på en spik","طبخ حساء من مسمار","اختلاق قصة من لا شيء / يعمل من الفسيخ شربات","Koka","يغلي","Koka","Kokar","Kokade","Kokat"
142,"Lägga vantarna på","وضع القفازات على","الاستيلاء على / لطش","Lägga","يضع","Lägga","Lägger","La","Lagt"
143,"Inte skräda orden","عدم تقطيع/تنقية الكلمات","يتحدث بلا مواربة / يعطيها في الوجه","Skräda","ينقي","Skräda","Skräder","Skrädde","Skrätt"
144,"Slå ner som en bomb","ضرب (سقط) مثل قنبلة","نزل كالصاعقة (للأخبار المفاجئة)","Slå","يضرب","Slå","Slår","Slog","Slagit"
145,"Ta saken i egna händer","أخذ الأمر بالأيدي الخاصة","تولى الزمام بنفسه / استوفى حقه بيده","Ta","يأخذ","Ta","Tar","Tog","Tagit"
146,"Vara på tapeten","يكون على ورق الحائط","حديث الساعة / موضوع مطروح للنقاش","Vara","يكون","Vara","Är","Var","Varit"
147,"Se ljuset i tunneln","رؤية الضوء في النفق","بصيص أمل / الفرج القريب","Se","يرى","Se","Ser","Såg","Sett"
148,"Vara en het potatis","أن تكون بطاطا ساخنة","موضوع شائك / قضية حساسة يتجنبها الجميع","Vara","يكون","Vara","Är","Var","Varit"
149,"Äta kakan och ha den kvar","أكل الكعكة والاحتفاظ بها","يريد الجمع بين النقيضين","Äta","يأكل","Äta","Äter","Åt","Ätit"
150,"Köpa grisen i säcken","شراء الخنزير في الكيس","شراء شيء دون فحصه","Köpa","يشتري","Köpa","Köper","Köpte","Köpt"
151,"Hålla låda","الإمساك بصندوق","ثرثار / لا يتوقف عن الكلام","Hålla","يمسك","Hålla","Håller","Höll","Hållit"
152,"Få korgen","الحصول على السلة","يُرفض (عاطفياً) / يأكل بوري","Få","يحصل","Få","Får","Fick","Fått"
153,"Ge järnet","إعطاء الحديد","يبذل قصارى جهده / يدوس بنزين","Ge","يعطي","Ge","Ger","Gav","Gett"
154,"Gå på knäna","المشي على الركبتين","منهك تماماً / وصل حده","Gå","يمشي","Gå","Går","Gick","Gått"
155,"Ha en gås oplockad","لديه إوزة غير منتوفة","بينه وبين أحدهم حساب لم يصفّه","Ha","يملك","Ha","Har","Hade","Haft"
156,"Kasta masken","رمي القناع","كشف عن وجهه الحقيقي","Kasta","يرمي","Kasta","Kastar","Kastade","Kastat"
157,"Lägga rabarber på","وضع الراوند (نبات) على","استولى على الشيء / وضع يده عليه","Lägga","يضع","Lägga","Lägger","La","Lagt"
158,"Möta någon halvvägs","ملاقاة شخص في منتصف الطريق","الوصول لحل وسط / التنازل المتبادل","Möta","يقابل","Möta","Möter","Mötte","Mött"
159,"Se mellan fingrarna","النظر ما بين الأصابع","غض الطرف / تغاضى عن الخطأ","Se","يرى","Se","Ser","Såg","Sett"
160,"Skära guld med täljkniv","قص الذهب بسكين النحت","يكسب المال بسهولة بالغة","Skära","يقص","Skära","Skär","Skar","Skurit"
161,"Slå sig för bröstet","ضرب نفسه على الصدر","يتباهى / يفخر بنفسه","Slå","يضرب","Slå","Slår","Slog","Slagit"
162,"Sticka ut hakan","إخراج الذقن (للأمام)","يخاطر / يواجه التحدي بجرأة","Sticka","يبرز","Sticka","Sticker","Stack","Stuckit"
163,"Ta skruv","تأخذ مسماراً (تدور)","يأتي بمفعوله / يؤثر","Ta","يأخذ","Ta","Tar","Tog","Tagit"
164,"Vända ryggen till","إدارة الظهر لـ","تجاهل / تخلى عن","Vända","يدير","Vända","Vänder","Vände","Vänt"
165,"Inte vara född i farstun","غير مولود في الممر (المدخل)","ليس غبياً / يفهمها وهي طايرة","Vara","يكون","Vara","Är","Var","Varit"
166,"Bita i gräset","قضم العشب","مات / فشل فشلاً ذريعاً","Bita","يعض","Bita","Biter","Bet","Bitit"
167,"Dra det kortaste strået","سحب القشة الأقصر","كان الخاسر / وقع عليه الاختيار السيء","Dra","يسحب","Dra","Drar","Drog","Dragit"
168,"Få färg","الحصول على لون","احمر وجهه (خجلاً) / اكتسب سمرة","Få","يحصل","Få","Får","Fick","Fått"
169,"Gå i taket","المشي في السقف","استشاط غضباً / طار عقله","Gå","يمشي","Gå","Går","Gick","Gått"
170,"Ha sitt på det torra","لديه ما يخصه في (البر) الجاف","أمّن مستقبله / في مأمن","Ha","يملك","Ha","Har","Hade","Haft"
171,"Kasta vatten","رمي الماء","يتبول (تعبير مهذب)","Kasta","يرمي","Kasta","Kastar","Kastade","Kastat"
172,"Lägga på ett kol","وضع فحمة (زيادة)","أسرع / زاد السرعة","Lägga","يضع","Lägga","Lägger","La","Lagt"
173,"Mista fotfästet","فقدان موطئ القدم","فقد السيطرة / انزلقت قدمه","Mista","يفقد","Mista","Mister","Mistte","Mist"
174,"Ropa varg","الصراخ (بوجود) ذئب","إطلاق تحذيرات كاذبة","Ropa","يصرخ","Ropa","Ropar","Ropade","Ropat"
175,"Sitta emellan","الجلوس في المنتصف","وقع ضحية صراع الآخرين / أكلها","Sitta","يجلس","Sitta","Sitter","Satt","Suttit"
176,"Slå dank","ضرب (كلمة قديمة للعب)","يتسكع / يضيع الوقت بلا عمل","Slå","يضرب","Slå","Slår","Slog","Slagit"
177,"Stå sitt kast","الوقوف (عند) رميته","يتحمل عواقب أفعاله","Stå","يقف","Stå","Står","Stod","Stått"
178,"Ta någon på sängen","أخذ شخص (وهو) على السرير","باغته / فاجأه وهو غير مستعد","Ta","يأخذ","Ta","Tar","Tog","Tagit"
179,"Vara tappad bakom en vagn","أن يكون مُسقطاً خلف عربة","غبي / بطيء الفهم","Vara","يكون","Vara","Är","Var","Varit"
180,"Äta upp sin hatt","أكل قبعته","يراهن على المستحيل","Äta","يأكل","Äta","Äter","Åt","Ätit"
181,"Bita huvudet av skammen","قضم رأس العار","تجاوز الخجل / تجرأ","Bita","يعض","Bita","Biter","Bet","Bitit"
182,"Dra öronen åt sig","سحب الأذنين نحو النفس","ارتاب / أخذ حذره / تراجع","Dra","يسحب","Dra","Drar","Drog","Dragit"
183,"Få blodad tand","الحصول على سن مُدمى","استحلى الشيء / تحمس للمزيد بعد التجربة","Få","يحصل","Få","Får","Fick","Fått"
184,"Gå som på nålar","المشي كأنه على إبر","قلق جداً / متوتر","Gå","يمشي","Gå","Går","Gick","Gått"
185,"Ha skinn på näsan","لديه جلد على الأنف","قوي الشخصية / حازم","Ha","يملك","Ha","Har","Hade","Haft"
186,"Känna på pulsen","جس النبض","اختبر الوضع / استطلع الأمر","Känna","يشعر","Känna","Känner","Kände","Känt"
187,"Lägga locket på","وضع الغطاء على","تكتّم على الموضوع / أغلق الملف","Lägga","يضع","Lägga","Lägger","La","Lagt"
188,"Måla in sig i ett hörn","رسم نفسه داخل زاوية","حشر نفسه في مأزق لا مخرج منه","Måla","يرسم","Måla","Målar","Målade","Målat"
189,"Nypa sig i armen","قرص نفسه في الذراع","غير مصدق لما يحدث (من الفرح)","Nypa","يقرص","Nypa","Nyper","Nöp","Nupit"
190,"Se rött","رؤية الأحمر","استشاط غضباً / فقد أعصابه","Se","يرى","Se","Ser","Såg","Sett"
191,"Slå knut på sig själv","عقد عقدة على نفسه","بذل جهداً خارقاً (لإرضاء أحد)","Slå","يضرب","Slå","Slår","Slog","Slagit"
192,"Stå pall","الوقوف كقاعدة","صمد / تحمل الضغط","Stå","يقف","Stå","Står","Stod","Stått"
193,"Ta sig i kragen","إمساك نفسه من الياقة","تمالك نفسه / شد حيله","Ta","يأخذ","Ta","Tar","Tog","Tagit"
194,"Vända blad","قلب الصفحة","بدأ صفحة جديدة / تجاوز الماضي","Vända","يقلب","Vända","Vänder","Vände","Vänt"
195,"Gå ur askan i elden","الخروج من الرماد إلى النار","كالمستجير من الرمضاء بالنار","Gå","يمشي","Gå","Går","Gick","Gått"
196,"Ha tummen mitt i handen","لديه الإبهام وسط اليد","أخرق / لا يجيد الأعمال اليدوية","Ha","يملك","Ha","Har","Hade","Haft"
197,"Inte se röken av","عدم رؤية دخان (الشيء)","اختفى تماماً / لم يظهر له أثر","Se","يرى","Se","Ser","Såg","Sett"
198,"Klara biffen","إنهاء شريحة اللحم (مجازياً)","أنجز المهمة بنجاح / دبرها","Klara","ينجز","Klara","Klarar","Klarade","Klarat"
199,"Lägga på minnet","الوضع على الذاكرة","حفظ / تذكر جيداً","Lägga","يضع","Lägga","Lägger","La","Lagt"
200,"Sätta pricken över i:et","وضع النقطة فوق حرف i","أتم الشيء على أكمل وجه / مسك الختام","Sätta","يضع","Sätta","Sätter","Satte","Satt"
201,"Axlarna slokar","الأكتاف تتدلى","يئس / أصابه الإحباط","Sloka","يتدلى","Sloka","Slokar","Slokade","Slokat"
202,"Bakom lyckta dörrar","خلف أبواب مغلقة","في السر / بعيداً عن الأعين","Stänga","يغلق","Stänga","Stänger","Stängde","Stängt"
203,"Bjuda med armbågen","الدعوة بالمرفق (الكوع)","عزومة مراكبية / دعوة غير صادقة","Bjuda","يدعو","Bjuda","Bjuder","Bjöd","Bjudit"
204,"Bränna sina skepp","حرق سفنه","قطع خط الرجعة / لا عودة للوراء","Bränna","يحرق","Bränna","Bränner","Brände","Bränt"
205,"Bygga luftslott","بناء قصور في الهواء","أحلام اليقظة / أضغاث أحلام","Bygga","يبني","Bygga","Bygger","Byggde","Byggt"
206,"Byta fot","تغيير القدم","غير رأيه / بدل موقفه","Byta","يبدل","Byta","Byter","Bytte","Bytt"
207,"Dra benen efter sig","سحب الساقين خلفه","يتسكع / يتباطأ كسلاً","Dra","يسحب","Dra","Drar","Drog","Dragit"
208,"Dra lärdom av","سحب (استخلاص) عِبرة من","اتعظ / تعلم الدرس","Dra","يسحب","Dra","Drar","Drog","Dragit"
209,"Falla i god jord","السقوط في تربة جيدة","لقي قبولاً حسناً","Falla","يسقط","Falla","Faller","Föll","Fallit"
210,"Fiska i grumligt vatten","الصيد في الماء العكر","يصطاد في الماء العكر","Fiska","يصطاد","Fiska","Fiskar","Fiskade","Fiskat"
211,"Få en knäpp på näsan","تلقي نقرة على الأنف","تلقى توبيخاً / أُحرج","Få","يحصل","Få","Får","Fick","Fått"
212,"Få kalla handen","الحصول على اليد الباردة","قوبل بالرفض / الصد","Få","يحصل","Få","Får","Fick","Fått"
213,"Få vatten på sin kvarn","الحصول على ماء لطاحونته","وجد ما يؤيد رأيه","Få","يحصل","Få","Får","Fick","Fått"
214,"Ge betalt för gammal ost","الدفع مقابل الجبن القديم","رد الصاع صاعين / الانتقام لأمر قديم","Ge","يعطي","Ge","Ger","Gav","Gett"
215,"Gjort är gjort","ما فُعل قد فُعل","اللي فات مات / ما مضى فات","Göra","يفعل","Göra","Gör","Gjorde","Gjort"
216,"Gråta över spilld mjölk","البكاء على الحليب المسكوب","لا جدوى من البكاء على اللبن المسكوب","Gråta","يبكي","Gråta","Gråter","Grät","Gråtit"
217,"Gå bakom ryggen på någon","المشي خلف ظهر أحدهم","التصرف في الخفاء / الخيانة","Gå","يمشي","Gå","Går","Gick","Gått"
218,"Gå i barndom","الدخول في الطفولة","أصابه الخرف / عاد أرذل العمر","Gå","يمشي","Gå","Går","Gick","Gått"
219,"Gå man ur huse","خروج الرجال من المنازل","خرجوا عن بكرة أبيهم / استنفار عام","Gå","يمشي","Gå","Går","Gick","Gått"
220,"Ha ett finger med i spelet","لديه إصبع في اللعبة","له يد في الموضوع","Ha","يملك","Ha","Har","Hade","Haft"
221,"Ha hjärtat i halsgropen","القلب في الحنجرة","قلبه في ركبه / خائف جداً","Ha","يملك","Ha","Har","Hade","Haft"
222,"Ha häcken full","المؤخرة ممتلئة (مشغولة)","مشغول جداً","Ha","يملك","Ha","Har","Hade","Haft"
223,"Ha något i kikaren","لديه شيء في المنظار","يخطط لشيء ما / ينوي على شيء","Ha","يملك","Ha","Har","Hade","Haft"
224,"Hålla god min","الحفاظ على تعبير (وجه) جيد","تظاهر بالرضا / أخفى مشاعره السلبية","Hålla","يمسك","Hålla","Håller","Höll","Hållit"
225,"Inte säga flaska","عدم قول (كلمة) زجاجة","لم ينبس ببنت شفة / صمت مطبق","Säga","يقول","Säga","Säger","Sa","Sagt"
226,"Kamma hem vinsten","تمشيط الربح للمنزل","فاز بالجائزة / حقق النصر","Kamma","يمشط","Kamma","Kammar","Kammade","Kammat"
227,"Knyta näven i fickan","عقد القبضة داخل الجيب","كظم غيظه / غضب بصمت","Knyta","يربط","Knyta","Knyter","Knöt","Knutit"
228,"Krypa till korset","الزحف إلى الصليب","الاعتراف بالخطأ / الإذعان","Krypa","يزحف","Krypa","Kryper","Kröp","Krupit"
229,"Köra huvudet i väggen","قيادة الرأس في الحائط","وصل لطريق مسدود / يحرث في البحر","Köra","يقود","Köra","Kör","Körde","Kört"
230,"Leva på hoppet","العيش على الأمل","يعيش على الأمل","Leva","يعيش","Leva","Lever","Levde","Levt"
231,"Ligga i selen","الاستلقاء في السرج (العمل)","يعمل بجد / يكدح","Ligga","يستلقي","Ligga","Ligger","Låg","Legat"
232,"Lägga band på sig","وضع رباط على نفسه","تمالك نفسه / كبح جماحه","Lägga","يضع","Lägga","Lägger","La","Lagt"
233,"Lägga manken till","وضع الكاهل (أعلى الظهر) للشيء","بذل جهداً إضافياً / شد حيله","Lägga","يضع","Lägga","Lägger","La","Lagt"
234,"Lägga sten på börda","وضع حجر فوق الحمل","زاد الطين بلة / أثقل كاهله","Lägga","يضع","Lägga","Lägger","La","Lagt"
235,"Mista ansiktet","فقدان الوجه","أريق ماء وجهه / فقد هيبته","Mista","يفقد","Mista","Mister","Mistte","Mist"
236,"Hissen går inte ända upp","المصعد لا يصل للأعلى","غبي / عقله غير مكتمل","Gå","يمشي","Gå","Går","Gick","Gått"
237,"Prata bredvid mun","التحدث بجانب الفم","زل لسانه / أفشى سراً دون قصد","Prata","يتحدث","Prata","Pratar","Pratade","Pratat"
238,"På rak arm","على ذراع مستقيمة","بديهياً / دون تحضير أو مراجعة","Vara","يكون","Vara","Är","Var","Varit"
239,"Rinna av som vatten på en gås","يسيل كالماء عن الإوزة","لا يبالي / الكلام يدخل من أذن ويخرج من الأخرى","Rinna","يسيل","Rinna","Rinner","Rann","Runnit"
240,"Rulla tummarna","دحرجة الإبهامين","الجلوس بلا عمل / يقتل الوقت","Rulla","يدحرج","Rulla","Rullar","Rullade","Rullat"
241,"Rösta med fötterna","التصويت بالقدمين","المغادرة احتجاجاً / ترك المكان","Rösta","يصوت","Rösta","Röstar","Röstade","Röstat"
242,"Sitta i samma båt","الجلوس في نفس القارب","في الهوا سوا / المصير المشترك","Sitta","يجلس","Sitta","Sitter","Satt","Suttit"
243,"Sitta på höga hästar","الجلوس على خيول عالية","التكبر / التعالي على الناس","Sitta","يجلس","Sitta","Sitter","Satt","Suttit"
244,"Skita i det blå skåpet","التغوط في الخزانة الزرقاء","تجاوز الحدود تماماً / خربها","Skita","يتغوط","Skita","Skiter","Sket","Skitit"
245,"Skratta hela vägen till banken","الضحك طوال الطريق للبنك","كسب مالاً وفيراً","Skratta","يضحك","Skratta","Skrattar","Skrattade","Skrattat"
246,"Skrivet i stjärnorna","مكتوب في النجوم","مقدر ومكتوب / في علم الغيب","Skriva","يكتب","Skriva","Skriver","Skrev","Skrivit"
247,"Slå ett slag för","توجيه ضربة لأجل (شيء)","دعم قضية / روّج لفكرة","Slå","يضرب","Slå","Slår","Slog","Slagit"
248,"Slå på stort","الضرب على (شيء) كبير","أقام احتفالاً باذخاً / صرف ببذخ","Slå","يضرب","Slå","Slår","Slog","Slagit"
249,"Spela allan","لعب دور 'آلان'","يتظاهر بالقوة / يتفشخر","Spela","يلعب","Spela","Spelar","Spelade","Spelat"
250,"Spotta i nävarna","البصق في القبضات","الاستعداد للعمل الجاد / شمر عن ساعديه","Spotta","يبصق","Spotta","Spottar","Spottade","Spottat"
251,"Få ändan ur vagnen","إخراج المؤخرة من العربة","تحرك / بطل كسل وابدأ العمل","Få","يحصل","Få","Får","Fick","Fått"
252,"Ge svar på tal","إعطاء جواب على الكلام","أفحمه بالرد / حاضر البديهة","Ge","يعطي","Ge","Ger","Gav","Gett"
253,"Gå i stöpet","الذهاب في الصهر (القالب)","فشل فشلاً ذريعاً / ذهب هباءً","Gå","يمشي","Gå","Går","Gick","Gått"
254,"Otack är världens lön","النكران هو مكافأة العالم","خير تعمل شر تلقى","Vara","يكون","Vara","Är","Var","Varit"
255,"Bära hundhuvudet","حمل رأس الكلب","تحمل اللوم (عن الآخرين)","Bära","يحمل","Bära","Bär","Bar","Burit"
256,"Föra någon bakom ljuset","قيادة شخص خلف الضوء","خداعه / التغرير به","Föra","يقود","Föra","För","Förde","Fört"
257,"Gå av stapeln","المشي من المنصة (إطلاق السفينة)","حدث / جرى (للفعاليات)","Gå","يمشي","Gå","Går","Gick","Gått"
258,"Gå i lås","الذهاب في القفل","نجح الأمر / تم بنجاح","Gå","يمشي","Gå","Går","Gick","Gått"
259,"Hålla tungan rätt i mun","إمساك اللسان بشكل صحيح في الفم","التركيز الشديد / الدقة والحذر","Hålla","يمسك","Hålla","Håller","Höll","Hållit"
260,"Knyta hymens band","ربط أشرطة (الإله) هيمن","عقد القران / تزوج","Knyta","يربط","Knyta","Knyter","Knöt","Knutit"
261,"Lägga sordin på","وضع كاتم صوت على","عكّر المزاج / خفف من الحماس","Lägga","يضع","Lägga","Lägger","La","Lagt"
262,"Tappa besinningen","إسقاط رباطة الجأش","فقد أعصابه / خرج عن طوره","Tappa","يسقط","Tappa","Tappar","Tappade","Tappat"
263,"Peka med hela handen","الإشارة بكل اليد","أصدر أوامر صارمة / حزم","Peka","يشير","Peka","Pekar","Pekade","Pekat"
264,"Prata i nattmössan","التحدث في قبعة النوم","يخرف / يقول كلاماً فارغاً","Prata","يتحدث","Prata","Pratar","Pratade","Pratat"
265,"Sitta på pottkanten","الجلوس على حافة القصرية (النونية)","في موقف حرج / ورطة","Sitta","يجلس","Sitta","Sitter","Satt","Suttit"
266,"Ta sig en funderare","أخذ (لنفسه) تفكيرة","أعاد التفكير / تمهل قبل القرار","Ta","يأخذ","Ta","Tar","Tog","Tagit"
267,"Slita hund","تمزيق كلب (مجازياً للجهد)","كرف / عمل بجهد شاق جداً","Slita","يمزق","Slita","Sliter","Slet","Slitit"
268,"Sticka hål på myten","ثقب الخرافة","دحض الأسطورة / كشف الحقيقة","Sticka","يثقب","Sticka","Sticker","Stack","Stuckit"
269,"Stå med skägget i brevlådan","الوقوف واللحية في صندوق البريد","انكشف أمره / في موقف محرج ومفاجئ","Stå","يقف","Stå","Står","Stod","Stått"
270,"Ta till orda","الأخذ للكلمة","بدأ الكلام / ألقى خطاباً","Ta","يأخذ","Ta","Tar","Tog","Tagit"
271,"Trampa någon på tårna","دوس أحدهم على أصابع القدم","أهانه / جرح مشاعره","Trampa","يدوس","Trampa","Trampar","Trampade","Trampat"
272,"Upp som en sol, ner som en pannkaka","صعوداً كالشمس، نزولاً كالبانكيك","بداية قوية ونهاية مخيبة","Gå","يمشي","Gå","Går","Gick","Gått"
273,"Vända upp och ner på","قلب (الشيء) رأساً على عقب","فتش بدقة / قلب المكان","Vända","يقلب","Vända","Vänder","Vände","Vänt"
274,"Veta hut","معرفة الأدب/الخجل","تأدب / الزم حدك","Veta","يعرف","Veta","Vet","Visste","Vetat"
275,"Det osar katt","إنها تفوح رائحة قط","الأمر مريب / هناك مكيدة","Osa","يفوح","Osa","Osar","Osade","Osat"
276,"Äta ur handen","الأكل من اليد","مطيع جداً / خاتم في الإصبع","Äta","يأكل","Äta","Äter","Åt","Ätit"
277,"Det knallar och går","إنها تطقطق وتمشي","الحال ماشي / الأمور مقبولة","Gå","يمشي","Gå","Går","Gick","Gått"
278,"Dra en vals","سحب (عزف) فالس","كذب / ألف قصة","Dra","يسحب","Dra","Drar","Drog","Dragit"
279,"Falla i farstun","السقوط في المدخل","انبهره / سحر به بسهولة","Falla","يسقط","Falla","Faller","Föll","Fallit"
280,"Få en törn","تلقي صدمة/ضربة","تضرر / أصيب بانتكاسة","Få","يحصل","Få","Får","Fick","Fått"
281,"Gå i spinn","الدخول في دوران","فقد السيطرة / توتر بشكل هستيري","Gå","يمشي","Gå","Går","Gick","Gått"
282,"Gå upp i rök","الصعود في دخان","تلاشى / اختفى تماماً","Gå","يمشي","Gå","Går","Gick","Gått"
283,"Ha ett hjärta av guld","امتلاك قلب من ذهب","طيب القلب جداً","Ha","يملك","Ha","Har","Hade","Haft"
284,"Ha rent samvete","امتلاك ضمير نظيف","مرتاح الضمير","Ha","يملك","Ha","Har","Hade","Haft"
285,"Hänga läpp","تعليق الشفة","عبس / تضايق / بوز","Hänga","يعلق","Hänga","Hänger","Hängde","Hängt"
286,"I elfte timmen","في الساعة الحادية عشرة","في اللحظة الأخيرة / قبل فوات الأوان","Vara","يكون","Vara","Är","Var","Varit"
287,"Inte ett öga torrt","ليست هناك عين جافة","مؤثر جداً / أبكى الجميع","Vara","يكون","Vara","Är","Var","Varit"
288,"Kasta loss","رمي (الحبل) للتحرر","أبحر / انطلق","Kasta","يرمي","Kasta","Kastar","Kastade","Kastat"
289,"Klappa ihop","التصفيق معاً (الانهيار)","انهار (نفسياً أو جسدياً)","Klappa","يصفق","Klappa","Klappar","Klappade","Klappat"
290,"Komma på grön kvist","المجيء على غصن أخضر","اغتنى / تحسنت أحواله المادية","Komma","يأتي","Komma","Kommer","Kom","Kommit"
291,"Leva i nuet","العيش في الحاضر","عش يومك / استمتع باللحظة","Leva","يعيش","Leva","Lever","Levde","Levt"
292,"Lägga i en högre växel","وضع ترس أعلى","سرّع الوتيرة / شد حيله","Lägga","يضع","Lägga","Lägger","La","Lagt"
293,"Ha råg i ryggen","لديه شيلم (حبوب) في الظهر","شجاع / قوي الشخصية / صلب","Ha","يملك","Ha","Har","Hade","Haft"
294,"Nå vägs ände","الوصول لنهاية الطريق","وصل لطريق مسدود / النهاية","Nå","يصل","Nå","Når","Nådde","Nått"
295,"Raka rör","أنابيب مستقيمة","صراحة تامة / تواصل مباشر","Vara","يكون","Vara","Är","Var","Varit"
296,"Se om sitt hus","النظر حول منزله","رعاية مصالحه الخاصة / اهتم بشؤونه","Se","يرى","Se","Ser","Såg","Sett"
297,"Slå dövörat till","ضرب الأذن الصماء لـ","تجاهل / عمل نفسه مش سامع","Slå","يضرب","Slå","Slår","Slog","Slagit"
298,"Spela teater","لعب مسرح","مثل / تظاهر","Spela","يلعب","Spela","Spelar","Spelade","Spelat"
299,"Stå på egna ben","الوقوف على الأرجل الخاصة","اعتمد على نفسه / استقل","Stå","يقف","Stå","Står","Stod","Stått"
300,"Ta det med en nypa salt","أخذه بقرصة ملح","لا تصدقه تماماً / تقبله بتحفظ","Ta","يأخذ","Ta","Tar","Tog","Tagit"
301,"Dra sitt strå till stacken","سحب قشته إلى الكومة","يساهم بنصيبه / يدلي بدلوه","Dra","يسحب","Dra","Drar","Drog","Dragit"
302,"Sätta käppar i hjulet","وضع عصي في العجلة","يعرقل الأمور / يضع العصي في الدواليب","Sätta","يضع","Sätta","Sätter","Satte","Satt"
303,"Vända på steken","قلب الشواء (اللحم)","قلب الموازين / نظر للأمر من زاوية أخرى","Vända","يقلب","Vända","Vänder","Vände","Vänt"
304,"Göra någon en björntjänst","تقديم خدمة دب لشخص ما","يضر من حيث أراد أن ينفع / خدمة مضرة","Göra","يفعل","Göra","Gör","Gjorde","Gjort"
305,"Vara ute på hal is","أن تكون على جليد زلق","في موقف خطر / يلعب بالنار","Vara","يكون","Vara","Är","Var","Varit"
306,"Kosta skjortan","يكلف القميص","غالي جداً / يكلف دم قلبه","Kosta","يكلف","Kosta","Kostar","Kostade","Kostat"
307,"Hänga på en skör tråd","التعلق بخيط هش","على كف عفريت / وضع حرج جداً","Hänga","يعلق","Hänga","Hänger","Hängde","Hängt"
308,"Rensa luften","تتنظيف الهواء","تصفية الأجواء / حل الخلافات","Rensa","ينظف","Rensa","Rensar","Rensade","Rensat"
309,"Bita ihop","عض (الأسنان) معاً","تحمل الألم / كظم الغيظ وصبر","Bita","يعض","Bita","Biter","Bet","Bitit"
310,"Ta tillfället i akt","أخذ الفرصة في الاعتبار","اغتنم الفرصة","Ta","يأخذ","Ta","Tar","Tog","Tagit"
311,"Gå i bräschen för","المشي في الثغرة لأجل..","يتصدر للدفاع عن / يقود الطريق","Gå","يمشي","Gå","Går","Gick","Gått"
312,"Hålla i trådarna","الإمساك بالخيوط","يدير الأمور / المسيطر","Hålla","يمسك","Hålla","Håller","Höll","Hållit"
313,"Lägga ner stridsyxan","وضع فأس الحرب أرضاً","عقد الصلح / دفن الأحقاد","Lägga","يضع","Lägga","Lägger","La","Lagt"
314,"Stå på sig","الوقوف على (رأي) النفس","أصر على موقفه / صمد","Stå","يقف","Stå","Står","Stod","Stått"
315,"Göra susen","فعل (صوت) الهفيف","يأتي بالمفعول المطلوب / يفي بالغرض","Göra","يفعل","Göra","Gör","Gjorde","Gjort"
316,"Ta illa upp","أخذه بشكل سيء","استاء / أخذ على خاطره","Ta","يأخذ","Ta","Tar","Tog","Tagit"
317,"Vara på hugget","أن يكون على القطع/اللدغ","متحفز / يقظ / مستعد","Vara","يكون","Vara","Är","Var","Varit"
318,"Klippa banden","قطع الأشرطة/الروابط","قطع العلاقات","Klippa","يقص","Klippa","Klipper","Klippte","Klippt"
319,"Få sista ordet","الحصول على الكلمة الأخيرة","حسم النقاش / قال كلمته الأخيرة","Få","يحصل","Få","Får","Fick","Fått"
320,"Göra bort sig","جعل نفسه بعيداً (أحمقاً)","أحرج نفسه / ارتكب حماقة","Göra","يفعل","Göra","Gör","Gjorde","Gjort"
321,"Ha mage att","امتلاك معدة لـ..","يجرؤ بوقاحة / لديه الجرأة (الوقحة)","Ha","يملك","Ha","Har","Hade","Haft"
322,"Ligga lågt","الاستلقاء منخفضاً","توارى عن الأنظار / تجنب لفت الانتباه","Ligga","يستلقي","Ligga","Ligger","Låg","Legat"
323,"Stå ut","الوقوف للخارج (برز أو تحمل)","تحمل / طاق","Stå","يقف","Stå","Står","Stod","Stått"
324,"Hålla måttet","إمساك القياس","كان على المستوى المطلوب / كفؤ","Hålla","يمسك","Hålla","Håller","Höll","Hållit"
325,"Ta dagen som den kommer","أخذ اليوم كما يأتي","عيش اليوم بيومه / عدم القلق من الغد","Ta","يأخذ","Ta","Tar","Tog","Tagit"
326,"Sätta färg på","وضع لون على","أضفى حيوية / بهج","Sätta","يضع","Sätta","Sätter","Satte","Satt"
327,"Kasta ett öga på","رمي عين على","ألقى نظرة سريعة","Kasta","يرمي","Kasta","Kastar","Kastade","Kastat"
328,"Slå larm","ضرب الإنذار","دق ناقوس الخطر","Slå","يضرب","Slå","Slår","Slog","Slagit"
329,"Vara på håret","أن يكون على الشعرة","وشيك جداً / كاد أن يحدث","Vara","يكون","Vara","Är","Var","Varit"
330,"Gå sin egen väg","المشي في طريقه الخاص","استقل برأيه / شق طريقه بنفسه","Gå","يمشي","Gå","Går","Gick","Gått"
331,"Inte göra en fluga förnär","عدم إيذاء ذبابة","مسالم جداً / لا يهش ولا ينش","Göra","يفعل","Göra","Gör","Gjorde","Gjort"
332,"Lita blint på","الثقة بشكل أعمى بـ","وثق ثقة عمياء","Lita","يثق","Lita","Litar","Litade","Litat"
333,"Ha skruvar lösa","لديه براغي مفكوكة","مجنون / عقله فيه لوثة","Ha","يملك","Ha","Har","Hade","Haft"
334,"Hålla skenet uppe","إبقاء المظهر عالياً","حفظ ماء الوجه / تظاهر بأن الأمور بخير","Hålla","يمسك","Hålla","Håller","Höll","Hållit"
335,"Ge med sig","الإعطاء مع النفس","استسلم / لانَ جانبه / وافق بعد رفض","Ge","يعطي","Ge","Ger","Gav","Gett"
336,"Falla pusselbitarna på plats","سقوط قطع الأحجية في مكانها","اتضحت الصورة / فهم الأمر","Falla","يسقط","Falla","Faller","Föll","Fallit"
337,"Dra en gräns","سحب (رسم) حد","وضع حداً للأمر","Dra","يسحب","Dra","Drar","Drog","Dragit"
338,"Gå över gränsen","المشي فوق الحد","تجاوز الحدود / تمادى","Gå","يمشي","Gå","Går","Gick","Gått"
339,"Möta väggen","ملاقاة الحائط","أصيب بالاحتراق النفسي / انهار من الإرهاق","Möta","يقابل","Möta","Möter","Mötte","Mött"
340,"Gå på tomgång","المشي على اللاحمل (الخمول)","توقف عن التطور / يراوح مكانه","Gå","يمشي","Gå","Går","Gick","Gått"
341,"Ta sig ton","أخذ نغمة (لنفسه)","رفع صوته / تحدث بغطرسة","Ta","يأخذ","Ta","Tar","Tog","Tagit"
342,"Stå inför rätta","الوقوف أمام العدالة","مثل أمام القضاء","Stå","يقف","Stå","Står","Stod","Stått"
343,"Äta någon ur huset","أكل شخص خارج المنزل","أكله لحم ورمي عظمه","Äta","يأكل","Äta","Äter","Åt","Ätit"
344,"Sitta säkert i sadeln","الجلوس بأمان في السرج","متمكن من منصبه / وضعه مستقر","Sitta","يجلس","Sitta","Sitter","Satt","Suttit"
345,"Krypa ur skinnet","الزحف خارج الجلد","يجن جنونه (من الغضب أو الملل)","Krypa","يزحف","Krypa","Kryper","Kröp","Krupit"
346,"Slå huvudet i väggen","ضرب الرأس في الحائط","يواجه طريقاً مسدوداً / محاولة عبثية","Slå","يضرب","Slå","Slår","Slog","Slagit"
347,"Vara i ropet","أن يكون في الصراخ (الشهرة)","مشهور / حديث الناس","Vara","يكون","Vara","Är","Var","Varit"
348,"Ligga i luften","الاستلقاء في الهواء","وشيك الحدوث / شيء محسوس في الجو","Ligga","يستلقي","Ligga","Ligger","Låg","Legat"
349,"Ta udden av","أخذ الطرف (المدبب) من","خفف من حدة الأمر","Ta","يأخذ","Ta","Tar","Tog","Tagit"
350,"Gå rakt på sak","المشي مباشرة إلى الشيء (الموضوع)","دخل في صلب الموضوع مباشرة","Gå","يمشي","Gå","Går","Gick","Gått"
351,"Ha huvudet på skaft","امتلاك الرأس على المقبض","ذكي / نبيه / مخه شغال","Ha","يملك","Ha","Har","Hade","Haft"
352,"Ta det kallt","أخذه ببرود","هدي أعصابك / لا تنفعل","Ta","يأخذ","Ta","Tar","Tog","Tagit"
353,"Få foten","الحصول على القدم","طُرد من العمل / تفنش","Få","يحصل","Få","Får","Fick","Fått"
354,"Gå i däck","الذهاب إلى سطح السفينة (سقوط)","سقط من التعب / غلبه النوم","Gå","يمشي","Gå","Går","Gick","Gått"
355,"Ha gröna fingrar","امتلاك أصابع خضراء","ماهر في الزراعة / يده خضراء","Ha","يملك","Ha","Har","Hade","Haft"
356,"Göra en tavla","عمل لوحة (فنية)","ارتكب حماقة / أخطأ خطأً فادحاً","Göra","يفعل","Göra","Gör","Gjorde","Gjort"
357,"Vara under isen","أن تكون تحت الجليد","مكتئب / يمر بظروف سيئة جداً","Vara","يكون","Vara","Är","Var","Varit"
358,"Ta i så det knakar","السحب/الشد حتى يطقطق","بذل جهداً خارقاً / عمل بجدية قصوى","Ta","يأخذ","Ta","Tar","Tog","Tagit"
359,"Vara i sjunde himlen","أن تكون في السماء السابعة","في قمة السعادة / طاير من الفرح","Vara","يكون","Vara","Är","Var","Varit"
360,"Gå på tandköttet","المشي على اللثة","منهك تماماً / واصل حده","Gå","يمشي","Gå","Går","Gick","Gått"
361,"Ha myror i brallorna","امتلاك نمل في السروال","لا يستطيع الجلوس (قلق/متحمس)","Ha","يملك","Ha","Har","Hade","Haft"
362,"Inte ha ett rött öre","لا يملك أورة (عملة) حمراء","مفلس تماماً / على الحديدة","Ha","يملك","Ha","Har","Hade","Haft"
363,"Se sanningen i vitögat","رؤية الحقيقة في بياض العين","مواجهة الواقع المر","Se","يرى","Se","Ser","Såg","Sett"
364,"Slå sig till ro","ضرب (نفسه) للهدوء","استقر / اطمأن","Slå","يضرب","Slå","Slår","Slog","Slagit"
365,"Stå vid sitt ord","الوقوف عند كلمته","وفى بوعده / عند كلمته","Stå","يقف","Stå","Står","Stod","Stått"
366,"Ta för sig","الأخذ لنفسه","يتصرف بجرأة / يغتنم الفرص","Ta","يأخذ","Ta","Tar","Tog","Tagit"
367,"Ligga på latsidan","الاستلقاء على الجانب الكسول","تكاسل / تقاعس عن العمل","Ligga","يستلقي","Ligga","Ligger","Låg","Legat"
368,"Få napp","الحصول على عضة (للسمك)","نجح في مسعاه / لقى صيدته","Få","يحصل","Få","Får","Fick","Fått"
369,"Gå i fällan","المشي إلى المصيدة","وقع في الفخ","Gå","يمشي","Gå","Går","Gick","Gått"
370,"Ha långa fingrar","امتلاك أصابع طويلة","يمده يده (حرامي) / سارق","Ha","يملك","Ha","Har","Hade","Haft"
371,"Hålla truten","إمساك الخرطوم (الفم)","أغلق فمك / اخرس (عامية)","Hålla","يمسك","Hålla","Håller","Höll","Hållit"
372,"Kamma sig","تمشيط شعره","تأدب / حسن تصرفك (تقال للتوبيخ)","Kamma","يمشط","Kamma","Kammar","Kammade","Kammat"
373,"Lägga ihop två och två","وضع اثنين واثنين معاً","فهم الأمر / استنتج الحقيقة","Lägga","يضع","Lägga","Lägger","La","Lagt"
374,"Sitta still i båten","الجلوس بهدوء في القارب","حافظ على الهدوء / لا تثير الذعر","Sitta","يجلس","Sitta","Sitter","Satt","Suttit"
375,"Sticka huvudet i sanden","غرس الرأس في الرمل","تجاهل المشكلة / كالنعامة","Sticka","يغرز","Sticka","Sticker","Stack","Stuckit"
376,"Ta åt sig äran","أخذ الشرف لنفسه","نسب الفضل لنفسه","Ta","يأخذ","Ta","Tar","Tog","Tagit"
377,"Vara i farten","أن يكون في السرعة/الحركة","نشيط / مشغول بعمل شيء ما","Vara","يكون","Vara","Är","Var","Varit"
378,"Gå på pumpen","المشي على المضخة","فشل / اصطدم بواقع مرير","Gå","يمشي","Gå","Går","Gick","Gått"
379,"Ha pippi på något","لديه عصفور على شيء","مهووس بشيء ما / عنده هوس","Ha","يملك","Ha","Har","Hade","Haft"
380,"Kasta ut barnet med badvattnet","رمي الطفل مع ماء الاستحمام","تخلص من الجيد مع السيء","Kasta","يرمي","Kasta","Kastar","Kastade","Kastat"
381,"Trampa vatten","دوس الماء","يراوح مكانه / لا يتقدم","Trampa","يدوس","Trampa","Trampar","Trampade","Trampat"
382,"Hålla i plånboken","الإمساك بالمحفظة","يقتصد / يمسك يده (بخيل)","Hålla","يمسك","Hålla","Håller","Höll","Hållit"
383,"Vara dum som en gås","أن يكون غبياً كإوزة","غبي جداً","Vara","يكون","Vara","Är","Var","Varit"
384,"Skilja på sak och person","الفصل بين القضية والشخص","الموضوعية / عدم شخصنة الأمور","Skilja","يفصل","Skilja","Skiljer","Skilde","Skilt"
385,"Tala klarspråk","التحدث بلغة واضحة","تحدث بصراحة ووضوح / سمى الأشياء بمسمياتها","Tala","يتحدث","Tala","Talar","Talade","Talat"
386,"Gå i bitar","الذهاب في قطع","تحطم / انهار نفسياً","Gå","يمشي","Gå","Går","Gick","Gått"
387,"Få kalla kårar","الحصول على قشعريرة باردة","اقشعر بدنه (من الخوف)","Få","يحصل","Få","Får","Fick","Fått"
388,"Ha nio liv","لديه تسعة أرواح","قط بسبع أرواح / ينجو دائماً","Ha","يملك","Ha","Har","Hade","Haft"
389,"Inte lyfta ett finger","عدم رفع إصبع","سلبي / لم يحرك ساكناً","Lyfta","يرفع","Lyfta","Lyfter","Lyfte","Lyft"
390,"Kosta fläsk","يكلف لحم خنزير","غالي الثمن جداً","Kosta","يكلف","Kosta","Kostar","Kostade","Kostat"
391,"Sätta punkt för","وضع نقطة لـ","أنهى الأمر / وضع حداً","Sätta","يضع","Sätta","Sätter","Satte","Satt"
392,"Slå sig i slang med","ضرب نفسه في خرطوم (حوار) مع","تجاذب أطراف الحديث مع","Slå","يضرب","Slå","Slår","Slog","Slagit"
393,"Stå i skuld till","الوقوف في دين لـ","مدين لـ / عليه دين","Stå","يقف","Stå","Står","Stod","Stått"
394,"Ta parti för","أخذ حزباً (جانباً) لـ","انحاز لـ / وقف في صف","Ta","يأخذ","Ta","Tar","Tog","Tagit"
395,"Vara på krigsstigen","أن يكون على درب الحرب","مشمر عن ساعديه (للقتال) / ناوي شر","Vara","يكون","Vara","Är","Var","Varit"
396,"Äta upp någon","أكل شخص ما","وبخه بشدة / سيطر عليه تماماً","Äta","يأكل","Äta","Äter","Åt","Ätit"
397,"Bita sig i tungan","عض اللسان","ندم على كلامه / أمسك لسانه","Bita","يعض","Bita","Biter","Bet","Bitit"
398,"Dra en lans för","سحب رمح لأجل","دافع عن / ناصر قضية","Dra","يسحب","Dra","Drar","Drog","Dragit"
399,"Få sina fiskar varma","الحصول على أسماكه ساخنة","نال توبيخاً ساخناً / أكل بهدلة","Få","يحصل","Få","Får","Fick","Fått"
400,"Gå ur tiden","الخروج من الزمن","توفي / انتقل إلى رحمة الله","Gå","يمشي","Gå","Går","Gick","Gått"
401,"Ta det säkra före det osäkra","أخذ الآمن قبل غير الآمن","في التأني السلامة","Ta","يأخذ","Ta","Tar","Tog","Tagit"
402,"Veta var skon klämmer","معرفة أين يقرص الحذاء","يعرف موطن العلة / يعرف البير وغطاه","Veta","يعرف","Veta","Vet","Visste","Vetat"
403,"Gå åt skogen","الذهاب إلى الغابة (الضياع)","فشل الأمر برمته / راحت عليه","Gå","يمشي","Gå","Går","Gick","Gått"
404,"Sätta ner foten","وضع القدم للأسفل","حسم الأمر / اتخذ موقفاً حازماً","Sätta","يضع","Sätta","Sätter","Satte","Satt"
405,"Höra gräset gro","سماع العشب ينمو","شديد النباهة / يسمع دبيب النمل","Höra","يسمع","Höra","Hör","Hörde","Hört"
406,"Hålla masken","إمساك القناع","حافظ على هدوئه (رغم الانفعال)","Hålla","يمسك","Hålla","Håller","Höll","Hållit"
407,"Vara på vippen","أن يكون على الحافة (الأرجوحة)","على وشك الحدوث / قاب قوسين أو أدنى","Vara","يكون","Vara","Är","Var","Varit"
408,"Slå näven i bordet","ضرب القبضة في الطاولة","أظهر الحزم / طالب بالانتباه","Slå","يضرب","Slå","Slår","Slog","Slagit"
409,"Dra timmerstockar","سحب جذوع خشبية","يشخر بصوت عالٍ","Dra","يسحب","Dra","Drar","Drog","Dragit"
410,"Bränna sitt ljus i båda ändar","حرق شمعته من الطرفين","يستنزف طاقته بالعمل والسهر / يهلك نفسه","Bränna","يحرق","Bränna","Bränner","Brände","Bränt"
411,"Lägga på hyllan","الوضع على الرف","أجل الموضوع / اعتزل (للرياضيين)","Lägga","يضع","Lägga","Lägger","La","Lagt"
412,"Ha många strängar på sin lyra","لديه أوتار كثيرة على قيثارته","متعدد المواهب","Ha","يملك","Ha","Har","Hade","Haft"
413,"Komma till skott","الوصول إلى الطلقة (الرمي)","انتقل من القول للفعل / نفذ أخيراً","Komma","يأتي","Komma","Kommer","Kom","Kommit"
414,"Vara dum som ett spån","أن يكون غبياً مثل نشارة الخشب","غبي جداً / مخه تخين","Vara","يكون","Vara","Är","Var","Varit"
415,"Gå bärsärkagång","المشي كالبيرسيركر (المحارب الهائج)","هاج وماج / حطم كل شيء أمامه","Gå","يمشي","Gå","Går","Gick","Gått"
416,"Kasta skit på någon","رمي القاذورات على أحد","قذف بالكلام / شتم / شهر بـ","Kasta","يرمي","Kasta","Kastar","Kastade","Kastat"
417,"Få spel","الحصول على نوبة","فقد عقله / جن جنونه (مؤقتاً)","Få","يحصل","Få","Får","Fick","Fått"
418,"Vända ut och in på sig själv","قلب نفسه من الداخل للخارج","بذل المستحيل لإرضاء غيره","Vända","يقلب","Vända","Vänder","Vände","Vänt"
419,"Bita ifrån","العض (للدفع)","دافع عن نفسه (لفظياً) / رد الهجوم","Bita","يعض","Bita","Biter","Bet","Bitit"
420,"Leva som en kung","العيش كملك","يعيش في رغد / مرفه","Leva","يعيش","Leva","Lever","Levde","Levt"
421,"Få sparken","الحصول على الركلة","طرد من العمل","Få","يحصل","Få","Får","Fick","Fått"
422,"Ge upp andan","إعطاء (تسليم) النفس/الروح","لفظ أنفاسه الأخيرة / مات","Ge","يعطي","Ge","Ger","Gav","Gett"
423,"Hålla ställningarna","إمساك المواقع","صمد في موقعه / ناب عن البقية","Hålla","يمسك","Hålla","Håller","Höll","Hållit"
424,"Gå på högvarv","المشي (الدوران) بسرعة عالية","يعمل بطاقة قصوى / متوتر ومضغوط","Gå","يمشي","Gå","Går","Gick","Gått"
425,"Sätta sig på tvären","الجلوس بشكل معترض","عارض بعناد / وضع العراقيل","Sätta","يضع","Sätta","Sätter","Satte","Satt"
426,"Vara en nagel i ögat","أن يكون مسماراً في العين","شوكة في الحلق / مصدر إزعاج دائم","Vara","يكون","Vara","Är","Var","Varit"
427,"Leka med elden","اللعب بالنار","يخاطر / يلعب بالنار","Leka","يلعب","Leka","Leker","Lekte","Lekt"
428,"Kosta mer än det smakar","يكلف أكثر مما له من طعم","مجهوده أكثر من فائدته","Kosta","يكلف","Kosta","Kostar","Kostade","Kostat"
429,"Slå blå dunster i ögonen","ضرب أبخرة زرقاء في العيون","ذر الرماد في العيون / خدع","Slå","يضرب","Slå","Slår","Slog","Slagit"
430,"Stå på öronen","الوقوف على الأذنين","سقط بقوة / تعثر","Stå","يقف","Stå","Står","Stod","Stått"
431,"Ta priset","أخذ الجائزة","فاق التوقعات / هذا قمة المهزلة","Ta","يأخذ","Ta","Tar","Tog","Tagit"
432,"Vara uppåt väggarna","أن يكون (صاعداً) على الجدران","أمر سخيف / خاطئ تماماً","Vara","يكون","Vara","Är","Var","Varit"
433,"Få en syl i vädret","الحصول على مخفر في الطقس","استطاع أن ينطق بكلمة","Få","يحصل","Få","Får","Fick","Fått"
434,"Gå i kras","الذهاب في تحطم","تكسر / فشل تماماً","Gå","يمشي","Gå","Går","Gick","Gått"
435,"Ha spenderbyxorna på","ارتداء سراويل الإنفاق","يصرف ببذخ (اليوم) / كريم بزيادة","Ha","يملك","Ha","Har","Hade","Haft"
436,"Kasta veven","رمي ذراع التدوير","استسلم / مات (عامية)","Kasta","يرمي","Kasta","Kastar","Kastade","Kastat"
437,"Lägga i malpåse","الوضع في كيس العث","جمد المشروع / وضعه جانباً","Lägga","يضع","Lägga","Lägger","La","Lagt"
438,"Slå till","الضرب (لإتمام شيء)","وافق على العرض / انتهز الفرصة فوراً","Slå","يضرب","Slå","Slår","Slog","Slagit"
439,"Sätta sprätt på pengarna","جعل النقود تتطاير","بذر ماله / صرف كل شيء","Sätta","يضع","Sätta","Sätter","Satte","Satt"
440,"Ta någon i örat","أخذ شخص من الأذن","وبخه / أدبه","Ta","يأخذ","Ta","Tar","Tog","Tagit"
441,"Vara på tunn is","أن يكون على جليد رقيق","في موقف ضعيف / يخاطر","Vara","يكون","Vara","Är","Var","Varit"
442,"Äta med ögonen","الأكل بالعيون","يشتهي بشدة (بصره)","Äta","يأكل","Äta","Äter","Åt","Ätit"
443,"Bygga bo","بناء عش","استقر / أسس منزلاً","Bygga","يبني","Bygga","Bygger","Byggde","Byggt"
444,"Dra det tyngsta lasset","سحب الحمولة الأثقل","تحمل العبء الأكبر","Dra","يسحب","Dra","Drar","Drog","Dragit"
445,"Falla på eget grepp","السقوط بمسكته الخاصة","وقع في شر أعماله","Falla","يسقط","Falla","Faller","Föll","Fallit"
446,"Gå upp i limningen","الصعود في الغراء (التفكك)","فقد أعصابه / انهار","Gå","يمشي","Gå","Går","Gick","Gått"
447,"Hålla hus","إمساك منزل (التواجد)","يتواجد / أين هو مختبئ؟","Hålla","يمسك","Hålla","Håller","Höll","Hållit"
448,"Komma till korta","المجيء للقصير (النقص)","فشل في المنافسة / لم يكن كافياً","Komma","يأتي","Komma","Kommer","Kom","Kommit"
449,"Leva rullan","عيش الدحروجة (الفوضى)","عربد / سهر واحتفل بصخب","Leva","يعيش","Leva","Lever","Levde","Levt"
450,"Lägga på hullet","الوضع على اللحم","زاد وزنه / سمن","Lägga","يضع","Lägga","Lägger","La","Lagt"
451,"Ta seden dit man kommer","أخذ العادة إلى حيث يأتي المرء","يا غريب كن أديب","Ta","يأخذ","Ta","Tar","Tog","Tagit"
452,"Tala om trollen","التحدث عن المتصيدين","أذكر القط يجيلك ينط","Tala","يتحدث","Tala","Talar","Talade","Talat"
453,"Gå i god för","المشي في (ضمان) جيد لـ","يكفل شخصاً / يضمنه","Gå","يمشي","Gå","Går","Gick","Gått"
454,"Hålla huvudet kallt","إبقاء الرأس بارداً","حافظ على هدوئك / لا تتوتر","Hålla","يمسك","Hålla","Håller","Höll","Hållit"
455,"Få upp ögonen för","فتح العيون لأجل","أدرك الأمر / انتبه لشيء غافل عنه","Få","يحصل","Få","Får","Fick","Fått"
456,"Slå in på en ny väg","الضرب (الدخول) في طريق جديد","سلك مسلكاً جديداً / غير نمط حياته","Slå","يضرب","Slå","Slår","Slog","Slagit"
457,"Sitta fint","الجلوس بشكل جميل","جاء في وقته تماماً / ناسب الوضع","Sitta","يجلس","Sitta","Sitter","Satt","Suttit"
458,"Spela med öppna kort","اللعيب بأوراق مفتوحة","كان صريحاً / كشف كل أوراقه","Spela","يلعب","Spela","Spelar","Spelade","Spelat"
459,"Tappa tråden","إسقاط الخيط","فقد حبل أفكاره / نسي ما كان يقول","Tappa","يسقط","Tappa","Tappar","Tappade","Tappat"
460,"Vara i blåsväder","أن يكون في طقس عاصف","في مهب الريح / يواجه انتقادات لاذعة","Vara","يكون","Vara","Är","Var","Varit"
461,"Göra rent bord","عمل طاولة نظيفة","بدأ صفحة بيضاء / سوى كل الديون","Göra","يفعل","Göra","Gör","Gjorde","Gjort"
462,"Kasta ljus över","رمي الضوء فوق","سلط الضوء على / أوضح","Kasta","يرمي","Kasta","Kastar","Kastade","Kastat"
463,"Lägga ord i munnen på någon","وضع كلمات في فم أحدهم","تقويل الشخص ما لم يقل","Lägga","يضع","Lägga","Lägger","La","Lagt"
464,"Ta någon på orden","أخذ شخص على الكلمات","صدقه حرفياً / أخذ بكلامه","Ta","يأخذ","Ta","Tar","Tog","Tagit"
465,"Sätta allt på ett kort","وضع الكل على ورقة واحدة","غامر بكل شيء / ضربة حظ واحدة","Sätta","يضع","Sätta","Sätter","Satte","Satt"
466,"Vara en fena på","أن يكون زعنفة في","بارع جداً في / حريف","Vara","يكون","Vara","Är","Var","Varit"
467,"Snacka smörja","تحدث (بالهراء/الشحم)","يقول كلاماً فارغاً / يهذي","Snacka","يتحدث","Snacka","Snackar","Snackade","Snackat"
468,"Ha ögon i nacken","امتلاك عيون في الرقبة","حذر جداً / يرى ما خلفه","Ha","يملك","Ha","Har","Hade","Haft"
469,"Gå igenom eld och vatten","المشي خلال النار والماء","يفعل المستحيل لأجل شخص","Gå","يمشي","Gå","Går","Gick","Gått"
470,"Sätta tänderna i","وضع الأسنان في","انكب على العمل بحماس / استلم المهمة","Sätta","يضع","Sätta","Sätter","Satte","Satt"
471,"Inte vara torr bakom öronen","غير جاف خلف الأذنين","غير ناضج / ما زال صغيراً","Vara","يكون","Vara","Är","Var","Varit"
472,"Vara het på gröten","أن يكون حاراً على العصيدة","متحمس بزيادة / مستعجل","Vara","يكون","Vara","Är","Var","Varit"
473,"Ha ett gott öga till","لديه عين جيدة لـ","يستلطف شخصاً / معجب بـ","Ha","يملك","Ha","Har","Hade","Haft"
474,"Slå vakt om","ضرب حراسة حول","دافع عن / حمى","Slå","يضرب","Slå","Slår","Slog","Slagit"
475,"Komma på fötter","المجيء على الأقدام","تعافى (اقتصادياً/صحياً) / وقف على رجليه","Komma","يأتي","Komma","Kommer","Kom","Kommit"
476,"Göra storkovan","عمل المغرفة الكبيرة","ربح مبلغاً طائلاً","Göra","يفعل","Göra","Gör","Gjorde","Gjort"
477,"Rycka upp sig","سحب النفس للأعلى","تمالك نفسه / تحسن وضعه النفسي","Rycka","يسحب","Rycka","Rycker","Ryckte","Ryckt"
478,"Slå till reträtt","ضرب للتراجع","انسحب / تراجع","Slå","يضرب","Slå","Slår","Slog","Slagit"
479,"Leka kurragömma","لعب الغميضة","يتهرب من المسؤولية / يختبئ","Leka","يلعب","Leka","Leker","Lekte","Lekt"
480,"Bita sig fast","عض (النفس) بقوة وثبات","تشبث / صمد بعناد","Bita","يعض","Bita","Biter","Bet","Bitit"
481,"Gå till botten med","الذهاب للقاع بـ","تقصى الحقيقة كاملة / جذور المشكلة","Gå","يمشي","Gå","Går","Gick","Gått"
482,"Vända på varenda sten","قلب كل حجر","بحث بدقة متناهية","Vända","يقلب","Vända","Vänder","Vände","Vänt"
483,"Ha tumme med någon","امتلاك إبهام مع شخص","لديه نفوذ عند / علاقته قوية بـ","Ha","يملك","Ha","Har","Hade","Haft"
484,"Tala med kluven tunga","التحدث بلسان مشقوق","ينافق / يقول شيئاً ويفعل آخراً","Tala","يتحدث","Tala","Talar","Talade","Talat"
485,"Möta sitt öde","ملاقاة المصير","واجه قدره","Möta","يقابل","Möta","Möter","Mötte","Mött"
486,"Köra sitt eget race","قيادة السباق الخاص","يعمل على طريقته الخاصة","Köra","يقود","Köra","Kör","Körde","Kört"
487,"Slå på trumman för","الضرب على الطبل لـ","روّج لـ / أعلن بقوة","Slå","يضرب","Slå","Slår","Slog","Slagit"
488,"Vara på upphällningen","أن يكون على السكب (النهاية)","أوشك على النفاد / يلفظ أنفاسه","Vara","يكون","Vara","Är","Var","Varit"
489,"Följa strömmen","اتباع التيار","مع الخيل يا شقرا / ساير الناس","Följa","يتبع","Följa","Följer","Följde","Följt"
490,"Gå mot strömmen","المشي ضد التيار","خالف السائد / سبح عكس التيار","Gå","يمشي","Gå","Går","Gick","Gått"
491,"Hålla fanan högt","إبقاء الراية عالية","حافظ على المبادئ / لم يستسلم","Hålla","يمسك","Hålla","Håller","Höll","Hållit"
492,"Ge igen","الإعطاء مرة أخرى","انتقم / رد الصاع","Ge","يعطي","Ge","Ger","Gav","Gett"
493,"Inte ha alla koppar i skåpet","ليس لديه كل الأكواب في الخزانة","مجنون / عقله ليس في مكانه","Ha","يملك","Ha","Har","Hade","Haft"
494,"Måla upp en bild","رسم صورة (لأعلى)","وصف الوضع / شرح السيناريو","Måla","يرسم","Måla","Målar","Målade","Målat"
495,"Ta kål på","أخذ الكرنب على (قتل)","قضى عليه / أهلكه","Ta","يأخذ","Ta","Tar","Tog","Tagit"
496,"Få gråa hår","الحصول على شعر رمادي","شاب رأسه (من الهم)","Få","يحصل","Få","Får","Fick","Fått"
497,"Sticka i ögonen","الوخز في العيون","أثار الحسد / كان مستفزاً","Sticka","يغرز","Sticka","Sticker","Stack","Stuckit"
498,"Dra sig ur","سحب النفس للخارج","انسحب من الاتفاق / تراجع","Dra","يسحب","Dra","Drar","Drog","Dragit"
499,"Kasta ankar","رمي المرساة","استقر / حط رحاله","Kasta","يرمي","Kasta","Kastar","Kastade","Kastat"
500,"Slutet gott, allting gott","النهاية جيدة، كل شيء جيد","ختامها مسك / العبرة بالخواتيم","Vara","يكون","Vara","Är","Var","Varit"